"Part";"Value";"Device";"Package";"Description";"CATEGORY";"CONTACTS";"CURRENT-RATING";"DESCRIPTION";"GENDER";"MANUFACTURER";"MOUNT_TYPE";"MPN";"OPERATING_TEMPERATURE";"PART_STATUS";"PROD_ID";"ROHS_COMPLIANT";"SF_ID";"SUB_CATEGORY";"TYPE";"VALUE";"VOLTAGE-RATING";
".";"MPM3610";"MICROBUILDER_MPM3610";"MICROBUILDER_MPM3610";"";"";"";"";"";"";"";"";"";"";"";"";"";"";"";"";"";"";
"C1";"330pF";"330PF-0603-50V-5%";"0603";"330pF/0.33nF ceramic capacitors";"";"";"";"";"";"";"";"";"";"";"CAP-10108";"";"";"";"";"330pF";"";
"C2";"1.0uF";"1.0UF-0603-16V-10%";"0603";"1µF ceramic capacitors";"";"";"";"";"";"";"";"";"";"";"CAP-00868";"";"";"";"";"1.0uF";"";
"C3";"0.1uF";"0.1UF-0603-25V-5%";"0603";"0.1µF ceramic capacitors";"";"";"";"";"";"";"";"";"";"";"CAP-08604";"";"";"";"";"0.1uF";"";
"C4";"0.1uF";"0.1UF-0603-25V-5%";"0603";"0.1µF ceramic capacitors";"";"";"";"";"";"";"";"";"";"";"CAP-08604";"";"";"";"";"0.1uF";"";
"C5";"0.1uF";"0.1UF-0603-25V-5%";"0603";"0.1µF ceramic capacitors";"";"";"";"";"";"";"";"";"";"";"CAP-08604";"";"";"";"";"0.1uF";"";
"C6";"10uF";"10UF-0603-6.3V-20%";"0603";"10.0µF ceramic capacitors";"";"";"";"";"";"";"";"";"";"";"CAP-11015";"";"";"";"";"10uF";"";
"C7";"22uF";"22UF-1206-50V-10%";"1206";"22µF ceramic capacitors";"";"";"";"";"";"";"";"";"";"";"CAP-15263";"";"";"";"";"22uF";"";
"C8";"22uF";"22UF-1206-50V-10%";"1206";"22µF ceramic capacitors";"";"";"";"";"";"";"";"";"";"";"CAP-15263";"";"";"";"";"22uF";"";
"D2";"GREEN";"LED-GREEN0603";"LED-0603";"Green SMD LED";"";"";"";"";"";"";"";"";"";"";"DIO-00821";"";"";"";"";"GREEN";"";
"D3";"RED";"LED-RED0603";"LED-0603";"Red SMD LED";"";"";"";"";"";"";"";"";"";"";"DIO-00819";"";"";"";"";"RED";"";
"D4";"Schottky B340A";"DIODE-SCHOTTKY-B340A";"SMA-DIODE";"Schottky diode";"";"";"";"";"";"";"";"";"";"";"DIO-09886";"";"";"";"";"3A/40V/500mV";"";
"D5";"Schottky B340A";"DIODE-SCHOTTKY-B340A";"SMA-DIODE";"Schottky diode";"";"";"";"";"";"";"";"";"";"";"DIO-09886";"";"";"";"";"3A/40V/500mV";"";
"J1";"Load Cell";"CONN_04SPRING";"1X04_SPRING_TERMINAL";"Multi connection point. Often used as Generic Header-pin footprint for 0.1 inch spaced/style header connections";"";"";"";"";"";"";"";"";"";"";"CONN-14363";"";"PRT-08075";"";"";"";"";
"J2";"I2C Port";"QWIIC_CONNECTOR";"JST04_1MM_VERT";"SparkFun I2C Standard Qwiic Connector";"";"";"";"";"";"";"";"";"";"";"CONN-14483";"";"";"";"";"Vertical Qwiic Connector";"";
"J3";"";"JST_2MM_MALE";"JST-2-SMD";"JST 2MM MALE RA CONNECTOR";"";"";"";"";"";"";"";"";"";"";"CONN-11443";"";"PRT-08612";"";"";"";"";
"J4";"5.5x2.1mm Barrel";"POWER_JACKSMD";"POWER_JACK_SMD";"Power Jack Connector";"";"";"";"";"";"";"";"";"";"";"CONN-08106";"";"PRT-12748";"";"";"5.5x2.1mm Barrel";"";
"J6";"";"10103594";"10103594";"USB(2.0) Micro-B, RCPT, 5POS, SMD-THT-R/A";"Connectors";"5";"1.8A";"CONN RCPT USB2.0 MICRO B SMD R/A";"Receptacle";"Amphenol ICC (FCI)";"R/A";"10103594-0001LF";"-30°C ~ 80°C";"ACTIVE";"";"COMPLIANT";"";"USB";"USB-micro B";"";"100VAC";
"R1";"2.2k";"2.2KOHM-0603-1/10W-1%";"0603";"2.2kΩ resistor";"";"";"";"";"";"";"";"";"";"";"RES-08272";"";"";"";"";"2.2k";"";
"R2";"2.2k";"2.2KOHM-0603-1/10W-1%";"0603";"2.2kΩ resistor";"";"";"";"";"";"";"";"";"";"";"RES-08272";"";"";"";"";"2.2k";"";
"R4";"47";"47OHM-0603-1/10W-1%";"0603";"47Ω resistor";"";"";"";"";"";"";"";"";"";"";"RES-14282";"";"";"";"";"47";"";
"R5";"47";"47OHM-0603-1/10W-1%";"0603";"47Ω resistor";"";"";"";"";"";"";"";"";"";"";"RES-14282";"";"";"";"";"47";"";
"R6";"75k";"75KOHM-0603-1/10W-1%";"0603";"75kΩ resistor";"";"";"";"";"";"";"";"";"";"";"RES-09737";"";"";"";"";"75k";"";
"R7";"75k";"75KOHM-0603-1/10W-1%";"0603";"75kΩ resistor";"";"";"";"";"";"";"";"";"";"";"RES-09737";"";"";"";"";"75k";"";
"R8";"10k";"10KOHM-0603-1/10W-1%";"0603";"10kΩ resistor";"";"";"";"";"";"";"";"";"";"";"RES-00824";"";"";"";"";"10k";"";
"R9";"24k";"20KOHM-0603-1/10W-1%";"0603";"20kΩ resistor";"";"";"";"";"";"";"";"";"";"";"RES-09383";"";"";"";"";"20k";"";
"R10";"470";"47OHM-0603-1/10W-1%";"0603";"47Ω resistor";"";"";"";"";"";"";"";"";"";"";"RES-14282";"";"";"";"";"47";"";
"R11";"68";"68OHM-0603-1/10W-1%";"0603";"68Ω resistor";"";"";"";"";"";"";"";"";"";"";"";"";"";"";"";"";"";
"R12";"68";"68OHM-0603-1/10W-1%";"0603";"68Ω resistor";"";"";"";"";"";"";"";"";"";"";"";"";"";"";"";"";"";
"R13";"1.5k";"1.5KOHM-0603-1/10W-1%";"0603";"1.5kΩ resistor";"";"";"";"";"";"";"";"";"";"";"RES-08306";"";"";"";"";"1.5k";"";
"R14";"470";"47OHM-0603-1/10W-1%";"0603";"47Ω resistor";"";"";"";"";"";"";"";"";"";"";"RES-14282";"";"";"";"";"47";"";
"S1";"PushButton";"MOMENTARY-SWITCH-SPST-SMD-5.2-TALL-REDUNDANT";"TACTILE_SWITCH_SMD_5.2MM";"Momentary Switch (Pushbutton) - SPST";"";"";"";"";"";"";"";"";"";"";"SWCH-14139";"";"";"";"";"";"";
"U1";"ATTINY85";"ATTINY85";"ATTINY85";"";"";"";"";"";"";"";"";"";"";"";"IC-09092";"";"";"";"";"";"";
"U2";"NAU7802SOIC";"NAU7802SOIC";"SO16";"24-bit load cell conversion IC with I2C interface in SOIC-16 package. Similar to HX711 but with true I2C interface.";"";"";"";"";"";"";"";"";"";"";"IC-14299";"";"";"";"";"";"";
